HSHD_NUM,recency,frequency,total_spend,avg_basket_value,total_units,recent_spend,older_spend,spend_trend,INCOME_RANGE,AGE_RANGE,HH_SIZE,L,CHILDREN,churned
10,0,165,37819.64,229.20993939393938,7824,8416.4,29403.24,-20986.840000000004,2,3,0,1,0,0
10,0,165,37819.64,229.20993939393938,7824,8416.4,29403.24,-20986.840000000004,2,3,0,1,0,0
29,301,2,79.80000000000001,39.900000000000006,24,0.0,79.80000000000001,-79.80000000000001,0,4,2,1,0,1
29,301,2,79.80000000000001,39.900000000000006,24,0.0,79.80000000000001,-79.80000000000001,0,4,2,1,0,1
53,17,173,23961.28,138.50450867052024,11496,5639.6,18321.68,-12682.08,3,4,2,1,0,0
53,17,173,23961.28,138.50450867052024,11496,5639.6,18321.68,-12682.08,3,4,2,1,0,0
54,1,261,32186.440000000002,123.31969348659004,15148,7936.72,24249.72,-16313.0,5,6,1,1,0,0
54,1,261,32186.440000000002,123.31969348659004,15148,7936.72,24249.72,-16313.0,5,6,1,1,0,0
60,0,590,122513.32,207.64969491525423,45528,27712.24,94801.08,-67088.84,2,3,4,1,0,0
60,0,590,122513.32,207.64969491525423,45528,27712.24,94801.08,-67088.84,2,3,4,1,0,0
81,103,7,159.28,22.754285714285718,36,66.32,92.96,-26.64,3,4,2,0,0,1
81,103,7,159.28,22.754285714285718,36,66.32,92.96,-26.64,3,4,2,0,0,1
92,507,2,116.28,58.14,56,0.0,116.28,-116.28,4,4,2,1,0,1
92,507,2,116.28,58.14,56,0.0,116.28,-116.28,4,4,2,1,0,1
99,3,234,63269.16,270.38102564102564,22928,16572.8,46696.36,-30123.56,4,2,2,1,0,0
99,3,234,63269.16,270.38102564102564,22928,16572.8,46696.36,-30123.56,4,2,2,1,0,0
115,373,2,401.04,200.51999999999998,160,0.0,401.04,-401.04,2,2,4,1,0,1
115,373,2,401.04,200.51999999999998,160,0.0,401.04,-401.04,2,2,4,1,0,1
117,3,250,74965.36,299.86144,19204,14679.32,60286.04,-45606.72,1,3,4,1,0,0
117,3,250,74965.36,299.86144,19204,14679.32,60286.04,-45606.72,1,3,4,1,0,0
136,28,235,55423.28,235.84374468085105,10872,8758.16,46665.12,-37906.96000000001,3,4,2,1,0,0
136,28,235,55423.28,235.84374468085105,10872,8758.16,46665.12,-37906.96000000001,3,4,2,1,0,0
139,652,9,2675.52,297.28,980,0.0,2675.52,-2675.52,2,4,0,1,0,1
139,652,9,2675.52,297.28,980,0.0,2675.52,-2675.52,2,4,0,1,0,1
151,0,298,34568.6,116.00201342281879,11680,7705.64,26862.96,-19157.32,1,3,0,0,0,0
151,0,298,34568.6,116.00201342281879,11680,7705.64,26862.96,-19157.32,1,3,0,0,0,0
159,8,232,39941.32,172.16086206896554,17880,13549.32,26392.0,-12842.68,6,7,5,1,0,0
159,8,232,39941.32,172.16086206896554,17880,13549.32,26392.0,-12842.68,6,7,5,1,0,0
160,4,112,11819.28,105.52928571428572,3204,3979.4,7839.88,-3860.48,0,3,3,1,0,0
160,4,112,11819.28,105.52928571428572,3204,3979.4,7839.88,-3860.48,0,3,3,1,0,0
172,11,128,22278.12,174.04781250000002,11032,4320.12,17958.0,-13637.880000000001,5,6,0,1,0,0
172,11,128,22278.12,174.04781250000002,11032,4320.12,17958.0,-13637.880000000001,5,6,0,1,0,0
183,3,277,79842.48,288.24,21136,23284.56,56557.92,-33273.36,3,2,1,1,0,0
183,3,277,79842.48,288.24,21136,23284.56,56557.92,-33273.36,3,2,1,1,0,0
184,2,211,24519.52,116.20625592417062,8612,5173.16,19346.36,-14173.2,2,4,2,1,0,0
184,2,211,24519.52,116.20625592417062,8612,5173.16,19346.36,-14173.2,2,4,2,1,0,0
185,246,2,115.72,57.86,36,0.0,115.72,-115.72,0,3,2,1,0,1
185,246,2,115.72,57.86,36,0.0,115.72,-115.72,0,3,2,1,0,1
186,146,8,752.4,94.05000000000001,328,610.96,141.44,469.52000000000004,0,3,2,0,0,1
186,146,8,752.4,94.05000000000001,328,610.96,141.44,469.52000000000004,0,3,2,0,0,1
196,5,63,23193.64,368.1530158730159,5960,5209.12,17984.52,-12775.400000000001,3,2,2,1,0,0
196,5,63,23193.64,368.1530158730159,5960,5209.12,17984.52,-12775.400000000001,3,2,2,1,0,0
210,0,212,58933.16,277.98660377358493,19092,16219.800000000001,42713.36,-26493.559999999998,6,7,5,1,0,0
210,0,212,58933.16,277.98660377358493,19092,16219.800000000001,42713.36,-26493.559999999998,6,7,5,1,0,0
225,385,1,178.64000000000001,178.64,48,0.0,178.64000000000001,-178.64000000000001,2,5,0,0,0,1
225,385,1,178.64000000000001,178.64,48,0.0,178.64000000000001,-178.64000000000001,2,5,0,0,0,1
242,0,187,28169.760000000002,150.64042780748665,6996,8473.48,19696.28,-11222.8,3,4,1,0,0,0
242,0,187,28169.760000000002,150.64042780748665,6996,8473.48,19696.28,-11222.8,3,4,1,0,0,0
264,298,2,218.2,109.10000000000002,84,0.0,218.2,-218.2,5,2,1,1,0,1
264,298,2,218.2,109.10000000000002,84,0.0,218.2,-218.2,5,2,1,1,0,1
308,1,726,60544.68,83.39487603305784,29884,14595.36,45949.32,-31353.96,3,5,0,1,0,0
308,1,726,60544.68,83.39487603305784,29884,14595.36,45949.32,-31353.96,3,5,0,1,0,0
361,2,369,31170.44,84.47273712737127,9716,5883.4400000000005,25287.0,-19403.559999999998,0,4,2,0,0,0
361,2,369,31170.44,84.47273712737127,9716,5883.4400000000005,25287.0,-19403.559999999998,0,4,2,0,0,0
401,0,260,54308.32,208.87815384615382,23888,16195.52,38112.8,-21917.280000000002,2,4,1,1,0,0
401,0,260,54308.32,208.87815384615382,23888,16195.52,38112.8,-21917.280000000002,2,4,1,1,0,0
422,28,155,19434.52,125.38400000000003,7052,5361.0,14073.52,-8712.52,3,2,4,1,0,0
422,28,155,19434.52,125.38400000000003,7052,5361.0,14073.52,-8712.52,3,2,4,1,0,0
428,1,220,34901.56,158.64345454545457,11828,10560.8,24340.760000000002,-13779.960000000003,2,6,1,1,0,0
428,1,220,34901.56,158.64345454545457,11828,10560.8,24340.760000000002,-13779.960000000003,2,6,1,1,0,0
438,0,524,143228.88,273.3375572519083,32844,29326.96,113901.92,-84574.95999999999,1,2,1,1,0,0
438,0,524,143228.88,273.3375572519083,32844,29326.96,113901.92,-84574.95999999999,1,2,1,1,0,0
453,2,151,51070.68,338.2164238410596,12920,20186.96,30883.72,-10696.760000000002,1,0,1,1,0,0
453,2,151,51070.68,338.2164238410596,12920,20186.96,30883.72,-10696.760000000002,1,0,1,1,0,0
455,129,1,9.96,9.96,4,9.96,0.0,9.96,4,3,4,1,0,1
455,129,1,9.96,9.96,4,9.96,0.0,9.96,4,3,4,1,0,1
459,13,203,23641.36,116.45990147783252,6736,6544.72,17096.64,-10551.919999999998,3,4,2,0,0,0
459,13,203,23641.36,116.45990147783252,6736,6544.72,17096.64,-10551.919999999998,3,4,2,0,0,0
482,4,135,14820.68,109.78281481481481,6580,3167.64,11653.04,-8485.400000000001,3,2,0,0,0,0
482,4,135,14820.68,109.78281481481481,6580,3167.64,11653.04,-8485.400000000001,3,2,0,0,0,0
514,0,257,74114.04,288.38147859922174,22216,19101.4,55012.64,-35911.24,4,5,5,1,0,0
514,0,257,74114.04,288.38147859922174,22216,19101.4,55012.64,-35911.24,4,5,5,1,0,0
525,21,147,22081.36,150.21333333333334,9168,5565.64,16515.72,-10950.080000000002,5,4,1,1,0,0
525,21,147,22081.36,150.21333333333334,9168,5565.64,16515.72,-10950.080000000002,5,4,1,1,0,0
554,3,177,21316.68,120.43322033898305,8184,4594.64,16722.04,-12127.400000000001,5,4,0,0,0,0
554,3,177,21316.68,120.43322033898305,8184,4594.64,16722.04,-12127.400000000001,5,4,0,0,0,0
575,17,135,14456.28,107.08355555555556,5876,3975.52,10480.76,-6505.24,3,5,0,1,0,0
575,17,135,14456.28,107.08355555555556,5876,3975.52,10480.76,-6505.24,3,5,0,1,0,0
577,6,162,27046.72,166.95506172839507,10660,6602.04,20444.68,-13842.64,5,5,1,1,0,0
577,6,162,27046.72,166.95506172839507,10660,6602.04,20444.68,-13842.64,5,5,1,1,0,0
590,6,216,39130.08,181.1577777777778,12952,14163.800000000001,24966.28,-10802.479999999998,2,4,4,1,0,0
590,6,216,39130.08,181.1577777777778,12952,14163.800000000001,24966.28,-10802.479999999998,2,4,4,1,0,0
594,2,99,10695.880000000001,108.03919191919194,4664,2652.76,8043.12,-5390.36,2,2,1,0,0,0
594,2,99,10695.880000000001,108.03919191919194,4664,2652.76,8043.12,-5390.36,2,2,1,0,0,0
605,0,231,18737.44,81.11445887445889,9564,5273.68,13463.76,-8190.08,5,4,2,0,0,0
605,0,231,18737.44,81.11445887445889,9564,5273.68,13463.76,-8190.08,5,4,2,0,0,0
616,0,187,50558.8,270.3679144385027,17236,16081.72,34477.08,-18395.36,6,7,5,1,0,0
616,0,187,50558.8,270.3679144385027,17236,16081.72,34477.08,-18395.36,6,7,5,1,0,0
631,1,174,25277.48,145.27287356321838,10408,8925.04,16352.44,-7427.4,2,5,5,1,0,0
631,1,174,25277.48,145.27287356321838,10408,8925.04,16352.44,-7427.4,2,5,5,1,0,0
632,0,183,29865.68,163.20043715846995,10008,7741.32,22124.36,-14383.04,3,4,1,1,0,0
632,0,183,29865.68,163.20043715846995,10008,7741.32,22124.36,-14383.04,3,4,1,1,0,0
642,0,130,11913.16,91.6396923076923,4240,4285.88,7627.28,-3341.3999999999996,2,3,1,0,0,0
642,0,130,11913.16,91.6396923076923,4240,4285.88,7627.28,-3341.3999999999996,2,3,1,0,0,0
651,1,243,35704.76,146.93316872427985,13624,10785.4,24919.36,-14133.960000000001,6,7,5,1,0,0
651,1,243,35704.76,146.93316872427985,13624,10785.4,24919.36,-14133.960000000001,6,7,5,1,0,0
655,9,183,23927.72,130.75256830601094,7556,4095.52,19832.2,-15736.68,5,5,0,0,0,0
655,9,183,23927.72,130.75256830601094,7556,4095.52,19832.2,-15736.68,5,5,0,0,0,0
682,5,171,13822.960000000001,80.83602339181287,6252,2488.56,11334.4,-8845.84,2,3,2,0,0,0
682,5,171,13822.960000000001,80.83602339181287,6252,2488.56,11334.4,-8845.84,2,3,2,0,0,0
692,4,150,28086.72,187.2448,9284,8650.08,19436.64,-10786.56,3,5,5,1,0,0
692,4,150,28086.72,187.2448,9284,8650.08,19436.64,-10786.56,3,5,5,1,0,0
720,1,163,48468.4,297.3521472392638,10148,13402.8,35065.6,-21662.8,4,5,1,1,0,0
720,1,163,48468.4,297.3521472392638,10148,13402.8,35065.6,-21662.8,4,5,1,1,0,0
733,591,1,76.32000000000001,76.32,20,0.0,76.32000000000001,-76.32000000000001,5,5,0,0,0,1
733,591,1,76.32000000000001,76.32,20,0.0,76.32000000000001,-76.32000000000001,5,5,0,0,0,1
762,18,82,13041.2,159.03902439024392,5700,2674.4,10366.8,-7692.4,3,3,1,0,0,0
762,18,82,13041.2,159.03902439024392,5700,2674.4,10366.8,-7692.4,3,3,1,0,0,0
764,2,210,37767.88,179.8470476190476,12524,13263.28,24504.600000000002,-11241.320000000002,0,2,1,1,0,0
764,2,210,37767.88,179.8470476190476,12524,13263.28,24504.600000000002,-11241.320000000002,0,2,1,1,0,0
766,7,116,40625.200000000004,350.2172413793104,11940,15726.48,24898.72,-9172.240000000002,5,5,2,1,0,0
766,7,116,40625.200000000004,350.2172413793104,11940,15726.48,24898.72,-9172.240000000002,5,5,2,1,0,0
779,0,634,52347.16,82.56649842271294,20184,13152.08,39195.08,-26043.0,3,7,0,1,0,0
779,0,634,52347.16,82.56649842271294,20184,13152.08,39195.08,-26043.0,3,7,0,1,0,0
780,521,1,7.96,7.96,4,0.0,7.96,-7.96,3,4,2,1,0,1
780,521,1,7.96,7.96,4,0.0,7.96,-7.96,3,4,2,1,0,1
789,0,184,71540.48,388.8069565217392,18468,19462.48,52078.0,-32615.52,1,4,2,1,0,0
789,0,184,71540.48,388.8069565217392,18468,19462.48,52078.0,-32615.52,1,4,2,1,0,0
794,4,39,12070.32,309.4953846153846,3144,3958.92,8111.400000000001,-4152.4800000000005,2,6,0,1,0,0
794,4,39,12070.32,309.4953846153846,3144,3958.92,8111.400000000001,-4152.4800000000005,2,6,0,1,0,0
801,1,165,29536.0,179.0060606060606,9408,8886.32,20649.68,-11763.36,3,3,2,1,0,0
801,1,165,29536.0,179.0060606060606,9408,8886.32,20649.68,-11763.36,3,3,2,1,0,0
808,6,108,14966.92,138.5825925925926,6584,3434.28,11532.64,-8098.359999999999,5,6,1,1,0,0
808,6,108,14966.92,138.5825925925926,6584,3434.28,11532.64,-8098.359999999999,5,6,1,1,0,0
812,561,55,6524.8,118.6327272727273,2080,0.0,6524.8,-6524.8,3,4,1,1,0,1
812,561,55,6524.8,118.6327272727273,2080,0.0,6524.8,-6524.8,3,4,1,1,0,1
815,2,314,110640.2,352.3573248407643,31296,33530.04,77110.16,-43580.12,5,4,1,1,0,0
815,2,314,110640.2,352.3573248407643,31296,33530.04,77110.16,-43580.12,5,4,1,1,0,0
826,23,1,122.64,122.64,36,122.64,0.0,122.64,3,3,4,1,0,0
826,23,1,122.64,122.64,36,122.64,0.0,122.64,3,3,4,1,0,0
839,0,109,29763.36,273.0583486238532,7516,5588.52,24174.84,-18586.32,2,5,0,1,0,0
839,0,109,29763.36,273.0583486238532,7516,5588.52,24174.84,-18586.32,2,5,0,1,0,0
845,3,247,34925.4,141.39838056680162,13552,8770.04,26155.36,-17385.32,5,3,1,1,0,0
845,3,247,34925.4,141.39838056680162,13552,8770.04,26155.36,-17385.32,5,3,1,1,0,0
881,589,1,115.24000000000001,115.24000000000001,36,0.0,115.24000000000001,-115.24000000000001,2,6,1,1,0,1
881,589,1,115.24000000000001,115.24000000000001,36,0.0,115.24000000000001,-115.24000000000001,2,6,1,1,0,1
915,72,4,214.4,53.599999999999994,76,138.84,75.56,63.28,0,4,1,1,0,0
915,72,4,214.4,53.599999999999994,76,138.84,75.56,63.28,0,4,1,1,0,0
916,138,34,5092.4800000000005,149.77882352941177,1884,1784.24,3308.2400000000002,-1524.0000000000002,0,5,2,0,0,1
916,138,34,5092.4800000000005,149.77882352941177,1884,1784.24,3308.2400000000002,-1524.0000000000002,0,5,2,0,0,1
918,156,4,152.48,38.120000000000005,96,17.96,134.52,-116.56,1,4,1,1,0,1
918,156,4,152.48,38.120000000000005,96,17.96,134.52,-116.56,1,4,1,1,0,1
982,15,88,26441.36,300.47,10956,6810.28,19631.08,-12820.800000000003,4,4,1,1,0,0
982,15,88,26441.36,300.47,10956,6810.28,19631.08,-12820.800000000003,4,4,1,1,0,0
984,3,425,56479.56,132.89308235294118,26140,14625.960000000001,41853.6,-27227.64,3,3,2,1,0,0
984,3,425,56479.56,132.89308235294118,26140,14625.960000000001,41853.6,-27227.64,3,3,2,1,0,0
986,0,145,26614.88,183.55089655172418,10716,8756.32,17858.56,-9102.240000000002,2,7,0,1,0,0
986,0,145,26614.88,183.55089655172418,10716,8756.32,17858.56,-9102.240000000002,2,7,0,1,0,0
991,0,1517,100025.24,65.93621621621622,34492,19872.0,80153.24,-60281.240000000005,3,1,0,1,0,0
991,0,1517,100025.24,65.93621621621622,34492,19872.0,80153.24,-60281.240000000005,3,1,0,1,0,0
992,0,398,43493.56,109.2803015075377,20012,15083.36,28410.2,-13326.84,4,2,0,1,0,0
992,0,398,43493.56,109.2803015075377,20012,15083.36,28410.2,-13326.84,4,2,0,1,0,0
1012,3,117,17644.32,150.80615384615385,8752,4552.0,13092.32,-8540.32,5,5,2,0,0,0
1012,3,117,17644.32,150.80615384615385,8752,4552.0,13092.32,-8540.32,5,5,2,0,0,0
1015,9,273,42235.32,154.70813186813186,16872,9110.32,33125.0,-24014.68,5,3,3,1,0,0
1015,9,273,42235.32,154.70813186813186,16872,9110.32,33125.0,-24014.68,5,3,3,1,0,0
1020,0,687,51731.92,75.30119359534207,16168,17772.48,33959.44,-16186.960000000003,1,4,3,1,0,0
1020,0,687,51731.92,75.30119359534207,16168,17772.48,33959.44,-16186.960000000003,1,4,3,1,0,0
1034,2,347,67887.12,195.64011527377525,32124,20412.84,47474.28,-27061.44,2,1,4,1,0,0
1034,2,347,67887.12,195.64011527377525,32124,20412.84,47474.28,-27061.44,2,1,4,1,0,0
1080,0,283,39627.32,140.02586572438162,12544,11536.04,28091.28,-16555.239999999998,1,3,3,1,0,0
1080,0,283,39627.32,140.02586572438162,12544,11536.04,28091.28,-16555.239999999998,1,3,3,1,0,0
1082,0,620,103393.76,166.76412903225807,35040,27154.88,76238.88,-49084.0,5,2,0,1,0,0
1082,0,620,103393.76,166.76412903225807,35040,27154.88,76238.88,-49084.0,5,2,0,1,0,0
1102,1,257,106681.72,415.1039688715953,29924,32293.56,74388.16,-42094.600000000006,4,2,4,1,0,0
1102,1,257,106681.72,415.1039688715953,29924,32293.56,74388.16,-42094.600000000006,4,2,4,1,0,0
1112,111,29,4111.76,141.78482758620692,1704,2388.04,1723.72,664.3199999999999,1,4,1,1,0,1
1112,111,29,4111.76,141.78482758620692,1704,2388.04,1723.72,664.3199999999999,1,4,1,1,0,1
1120,1,251,61559.96,245.2588047808765,19988,15283.880000000001,46276.08,-30992.2,2,3,1,1,0,0
1120,1,251,61559.96,245.2588047808765,19988,15283.880000000001,46276.08,-30992.2,2,3,1,1,0,0
1121,59,95,11143.6,117.30105263157895,4484,2526.0,8617.6,-6091.6,2,4,1,0,0,0
1121,59,95,11143.6,117.30105263157895,4484,2526.0,8617.6,-6091.6,2,4,1,0,0,0
1122,5,204,13672.28,67.02098039215687,6136,3666.96,10005.32,-6338.36,0,4,3,0,0,0
1122,5,204,13672.28,67.02098039215687,6136,3666.96,10005.32,-6338.36,0,4,3,0,0,0
1132,235,1,21.96,21.96,4,0.0,21.96,-21.96,2,5,0,1,0,1
1132,235,1,21.96,21.96,4,0.0,21.96,-21.96,2,5,0,1,0,1
1137,0,174,46479.76,267.1250574712643,12968,16548.36,29931.4,-13383.04,4,2,3,1,0,0
1137,0,174,46479.76,267.1250574712643,12968,16548.36,29931.4,-13383.04,4,2,3,1,0,0
1165,6,161,16451.84,102.18534161490683,7768,4339.04,12112.8,-7773.759999999999,2,4,0,1,0,0
1165,6,161,16451.84,102.18534161490683,7768,4339.04,12112.8,-7773.759999999999,2,4,0,1,0,0
1187,6,276,47007.0,170.31521739130434,17100,12668.2,34338.8,-21670.600000000002,4,4,4,1,0,0
1187,6,276,47007.0,170.31521739130434,17100,12668.2,34338.8,-21670.600000000002,4,4,4,1,0,0
1192,3,282,32630.760000000002,115.71191489361703,8324,9449.92,23180.84,-13730.92,4,4,0,0,0,0
1192,3,282,32630.760000000002,115.71191489361703,8324,9449.92,23180.84,-13730.92,4,4,0,0,0,0
1195,3,248,72632.56,292.8732258064516,23604,19002.4,53630.16,-34627.76,2,3,4,1,0,0
1195,3,248,72632.56,292.8732258064516,23604,19002.4,53630.16,-34627.76,2,3,4,1,0,0
1205,3,89,23013.0,258.5730337078652,7480,6220.24,16792.760000000002,-10572.520000000002,3,4,2,0,0,0
1205,3,89,23013.0,258.5730337078652,7480,6220.24,16792.760000000002,-10572.520000000002,3,4,2,0,0,0
1234,501,1,105.76,105.75999999999999,28,0.0,105.76,-105.76,0,3,4,1,0,1
1234,501,1,105.76,105.75999999999999,28,0.0,105.76,-105.76,0,3,4,1,0,1
1241,1,671,126867.48,189.07225037257825,45448,32955.28,93912.2,-60956.92,2,4,2,1,0,0
1241,1,671,126867.48,189.07225037257825,45448,32955.28,93912.2,-60956.92,2,4,2,1,0,0
1245,1,469,116896.68000000001,249.24665245202561,43964,32583.68,84313.0,-51729.32,0,3,4,1,0,0
1245,1,469,116896.68000000001,249.24665245202561,43964,32583.68,84313.0,-51729.32,0,3,4,1,0,0
1251,2,131,69865.24,533.3224427480916,16392,20689.0,49176.24,-28487.239999999998,3,5,1,1,0,0
1251,2,131,69865.24,533.3224427480916,16392,20689.0,49176.24,-28487.239999999998,3,5,1,1,0,0
1261,14,236,37463.08,158.74186440677965,11816,10014.6,27448.48,-17433.879999999997,6,7,5,1,0,0
1261,14,236,37463.08,158.74186440677965,11816,10014.6,27448.48,-17433.879999999997,6,7,5,1,0,0
1265,5,264,89141.48,337.65712121212124,26720,25050.28,64091.200000000004,-39040.920000000006,1,4,2,1,0,0
1265,5,264,89141.48,337.65712121212124,26720,25050.28,64091.200000000004,-39040.920000000006,1,4,2,1,0,0
1270,1,324,83858.96,258.82395061728397,25808,19345.56,64513.4,-45167.84,2,3,4,1,0,0
1270,1,324,83858.96,258.82395061728397,25808,19345.56,64513.4,-45167.84,2,3,4,1,0,0
1275,2,118,17493.28,148.24813559322033,9508,5094.92,12398.36,-7303.4400000000005,6,7,5,1,0,0
1275,2,118,17493.28,148.24813559322033,9508,5094.92,12398.36,-7303.4400000000005,6,7,5,1,0,0
1277,3,128,27142.600000000002,212.05156250000005,9108,7662.88,19479.72,-11816.84,2,4,0,1,0,0
1277,3,128,27142.600000000002,212.05156250000005,9108,7662.88,19479.72,-11816.84,2,4,0,1,0,0
1290,2,148,36875.36,249.15783783783783,15120,10212.32,26663.04,-16450.72,2,5,1,1,0,0
1290,2,148,36875.36,249.15783783783783,15120,10212.32,26663.04,-16450.72,2,5,1,1,0,0
1301,425,1,123.56,123.55999999999999,32,0.0,123.56,-123.56,1,3,1,1,0,1
1301,425,1,123.56,123.55999999999999,32,0.0,123.56,-123.56,1,3,1,1,0,1
1308,2,161,17555.8,109.04223602484474,5948,6330.32,11225.48,-4895.16,2,4,0,0,0,0
1308,2,161,17555.8,109.04223602484474,5948,6330.32,11225.48,-4895.16,2,4,0,0,0,0
1349,0,98,7029.88,71.73346938775511,2576,3198.88,3831.0,-632.1199999999999,2,3,0,0,0,0
1349,0,98,7029.88,71.73346938775511,2576,3198.88,3831.0,-632.1199999999999,2,3,0,0,0,0
1358,122,41,1647.2,40.175609756097565,696,262.24,1384.96,-1122.72,0,3,3,0,0,1
1358,122,41,1647.2,40.175609756097565,696,262.24,1384.96,-1122.72,0,3,3,0,0,1
1373,5,104,16552.12,159.15500000000003,6852,4860.76,11691.36,-6830.6,5,5,2,1,0,0
1373,5,104,16552.12,159.15500000000003,6852,4860.76,11691.36,-6830.6,5,5,2,1,0,0
1399,4,176,19312.44,109.72977272727272,7532,6382.16,12930.28,-6548.120000000001,5,1,0,0,0,0
1399,4,176,19312.44,109.72977272727272,7532,6382.16,12930.28,-6548.120000000001,5,1,0,0,0,0
1404,3,180,59120.0,328.44444444444446,19972,12836.0,46284.0,-33448.0,0,3,1,1,0,0
1404,3,180,59120.0,328.44444444444446,19972,12836.0,46284.0,-33448.0,0,3,1,1,0,0
1433,5,566,85578.08,151.19802120141347,35248,17846.52,67731.56,-49885.03999999999,6,7,5,1,0,0
1433,5,566,85578.08,151.19802120141347,35248,17846.52,67731.56,-49885.03999999999,6,7,5,1,0,0
1437,0,475,52099.6,109.68336842105263,17964,18576.72,33522.88,-14946.159999999996,5,6,0,1,0,0
1437,0,475,52099.6,109.68336842105263,17964,18576.72,33522.88,-14946.159999999996,5,6,0,1,0,0
1441,3,194,58650.0,302.319587628866,17092,14963.0,43687.0,-28724.0,3,2,4,1,0,0
1441,3,194,58650.0,302.319587628866,17092,14963.0,43687.0,-28724.0,3,2,4,1,0,0
1446,7,141,57885.36,410.53446808510637,18140,15950.08,41935.28,-25985.199999999997,3,2,4,1,0,0
1446,7,141,57885.36,410.53446808510637,18140,15950.08,41935.28,-25985.199999999997,3,2,4,1,0,0
1448,1,216,41073.520000000004,190.15518518518522,16580,8088.36,32985.16,-24896.800000000003,3,4,2,1,0,0
1448,1,216,41073.520000000004,190.15518518518522,16580,8088.36,32985.16,-24896.800000000003,3,4,2,1,0,0
1461,410,1,14.0,14.0,4,0.0,14.0,-14.0,3,2,4,1,0,1
1461,410,1,14.0,14.0,4,0.0,14.0,-14.0,3,2,4,1,0,1
1462,678,10,665.92,66.59200000000001,176,0.0,665.92,-665.92,3,0,0,1,0,1
1462,678,10,665.92,66.59200000000001,176,0.0,665.92,-665.92,3,0,0,1,0,1
1469,36,3,774.56,258.18666666666667,92,43.96,730.6,-686.64,5,6,1,0,0,0
1469,36,3,774.56,258.18666666666667,92,43.96,730.6,-686.64,5,6,1,0,0,0
1470,4,142,9836.36,69.27014084507043,5316,1399.92,8436.44,-7036.52,6,7,5,0,0,0
1470,4,142,9836.36,69.27014084507043,5316,1399.92,8436.44,-7036.52,6,7,5,0,0,0
1473,11,98,22235.920000000002,226.89714285714285,8748,6386.56,15849.36,-9462.8,2,6,3,1,0,0
1473,11,98,22235.920000000002,226.89714285714285,8748,6386.56,15849.36,-9462.8,2,6,3,1,0,0
1492,0,221,62049.28,280.76597285067874,19940,17065.96,44983.32,-27917.36,2,3,2,1,0,0
1492,0,221,62049.28,280.76597285067874,19940,17065.96,44983.32,-27917.36,2,3,2,1,0,0
1495,7,262,23101.64,88.17419847328244,7940,3736.0,19365.64,-15629.64,5,6,1,0,0,0
1495,7,262,23101.64,88.17419847328244,7940,3736.0,19365.64,-15629.64,5,6,1,0,0,0
1526,2,119,25379.28,213.2712605042017,7580,9176.4,16202.88,-7026.48,3,4,4,1,0,0
1526,2,119,25379.28,213.2712605042017,7580,9176.4,16202.88,-7026.48,3,4,4,1,0,0
1532,1,135,21692.68,160.6865185185185,10084,5781.92,15910.76,-10128.84,0,3,5,1,0,0
1532,1,135,21692.68,160.6865185185185,10084,5781.92,15910.76,-10128.84,0,3,5,1,0,0
1545,3,319,57175.0,179.2319749216301,14724,15059.76,42115.24,-27055.479999999996,6,7,5,1,0,0
1545,3,319,57175.0,179.2319749216301,14724,15059.76,42115.24,-27055.479999999996,6,7,5,1,0,0
1554,12,142,16970.28,119.50901408450703,8996,2292.88,14677.4,-12384.52,5,6,0,1,0,0
1554,12,142,16970.28,119.50901408450703,8996,2292.88,14677.4,-12384.52,5,6,0,1,0,0
1565,427,1,146.8,146.8,40,0.0,146.8,-146.8,4,2,2,1,0,1
1565,427,1,146.8,146.8,40,0.0,146.8,-146.8,4,2,2,1,0,1
1567,8,179,43617.4,243.67262569832403,16752,11327.4,32290.0,-20962.6,5,3,0,1,0,0
1567,8,179,43617.4,243.67262569832403,16752,11327.4,32290.0,-20962.6,5,3,0,1,0,0
1573,98,3,421.2,140.4,184,330.04,91.16,238.88000000000002,0,3,4,0,0,1
1573,98,3,421.2,140.4,184,330.04,91.16,238.88000000000002,0,3,4,0,0,1
1600,4,126,30770.4,244.20952380952383,7532,9856.12,20914.28,-11058.159999999998,6,7,5,1,0,0
1600,4,126,30770.4,244.20952380952383,7532,9856.12,20914.28,-11058.159999999998,6,7,5,1,0,0
1618,2,288,32403.68,112.51277777777779,13364,6643.52,25760.16,-19116.64,0,4,1,0,0,0
1618,2,288,32403.68,112.51277777777779,13364,6643.52,25760.16,-19116.64,0,4,1,0,0,0
1631,0,683,52359.520000000004,76.66108345534407,23380,13524.800000000001,38834.72,-25309.92,2,4,1,1,0,0
1631,0,683,52359.520000000004,76.66108345534407,23380,13524.800000000001,38834.72,-25309.92,2,4,1,1,0,0
1632,0,218,39412.8,180.79266055045872,11416,12821.960000000001,26590.84,-13768.88,1,3,0,0,0,0
1632,0,218,39412.8,180.79266055045872,11416,12821.960000000001,26590.84,-13768.88,1,3,0,0,0,0
1647,1,111,51320.520000000004,462.347027027027,15308,10741.16,40579.36,-29838.2,6,7,5,1,0,0
1647,1,111,51320.520000000004,462.347027027027,15308,10741.16,40579.36,-29838.2,6,7,5,1,0,0
1652,0,164,42604.28,259.7821951219512,12828,14139.24,28465.04,-14325.800000000001,6,7,5,1,0,0
1652,0,164,42604.28,259.7821951219512,12828,14139.24,28465.04,-14325.800000000001,6,7,5,1,0,0
1660,260,2,41.04,20.52,24,0.0,41.04,-41.04,0,2,0,1,0,1
1660,260,2,41.04,20.52,24,0.0,41.04,-41.04,0,2,0,1,0,1
1661,154,48,6468.8,134.76666666666668,1680,804.44,5664.36,-4859.92,6,7,5,1,0,1
1661,154,48,6468.8,134.76666666666668,1680,804.44,5664.36,-4859.92,6,7,5,1,0,1
1662,263,2,219.44,109.72,96,0.0,219.44,-219.44,2,5,1,0,0,1
1662,263,2,219.44,109.72,96,0.0,219.44,-219.44,2,5,1,0,0,1
1699,1,341,65395.92,191.77689149560118,16604,16612.32,48783.6,-32171.28,1,3,1,1,0,0
1699,1,341,65395.92,191.77689149560118,16604,16612.32,48783.6,-32171.28,1,3,1,1,0,0
1709,1,96,32649.2,340.09583333333336,10760,7456.76,25192.44,-17735.68,2,5,5,1,0,0
1709,1,96,32649.2,340.09583333333336,10760,7456.76,25192.44,-17735.68,2,5,5,1,0,0
1729,5,202,34045.76,168.54336633663368,13216,10699.24,23346.52,-12647.28,4,3,1,1,0,0
1729,5,202,34045.76,168.54336633663368,13216,10699.24,23346.52,-12647.28,4,3,1,1,0,0
1747,230,2,223.24,111.62,92,0.0,223.24,-223.24,0,4,1,1,0,1
1747,230,2,223.24,111.62,92,0.0,223.24,-223.24,0,4,1,1,0,1
1748,3,447,56734.68,126.92322147651005,19304,8741.24,47993.44,-39252.200000000004,0,3,4,1,0,0
1748,3,447,56734.68,126.92322147651005,19304,8741.24,47993.44,-39252.200000000004,0,3,4,1,0,0
1750,425,1,39.92,39.92,8,0.0,39.92,-39.92,1,3,2,1,0,1
1750,425,1,39.92,39.92,8,0.0,39.92,-39.92,1,3,2,1,0,1
1770,8,95,37246.36,392.06694736842104,11268,11007.36,26239.0,-15231.64,2,5,1,1,0,0
1770,8,95,37246.36,392.06694736842104,11268,11007.36,26239.0,-15231.64,2,5,1,1,0,0
1786,8,357,27833.84,77.96593837535013,11028,2652.7200000000003,25181.12,-22528.399999999998,3,2,4,0,0,0
1786,8,357,27833.84,77.96593837535013,11028,2652.7200000000003,25181.12,-22528.399999999998,3,2,4,0,0,0
1795,9,251,50738.08,202.14374501992032,26140,11165.28,39572.8,-28407.520000000004,2,2,4,1,0,0
1795,9,251,50738.08,202.14374501992032,26140,11165.28,39572.8,-28407.520000000004,2,2,4,1,0,0
1797,3,409,45195.92,110.50347188264058,16780,12962.76,32233.16,-19270.4,3,2,2,0,0,0
1797,3,409,45195.92,110.50347188264058,16780,12962.76,32233.16,-19270.4,3,2,2,0,0,0
1809,0,249,24575.16,98.69542168674698,7984,8090.92,16484.24,-8393.320000000002,6,7,5,1,0,0
1809,0,249,24575.16,98.69542168674698,7984,8090.92,16484.24,-8393.320000000002,6,7,5,1,0,0
1836,5,70,38314.56,547.3508571428572,13008,14092.6,24221.96,-10129.359999999999,2,6,1,1,0,0
1836,5,70,38314.56,547.3508571428572,13008,14092.6,24221.96,-10129.359999999999,2,6,1,1,0,0
1861,0,465,37639.88,80.94597849462366,17372,16185.880000000001,21454.0,-5268.119999999999,3,2,0,1,0,0
1861,0,465,37639.88,80.94597849462366,17372,16185.880000000001,21454.0,-5268.119999999999,3,2,0,1,0,0
1873,20,162,36032.24,222.42123456790128,11516,12360.08,23672.16,-11312.08,3,3,2,1,0,0
1873,20,162,36032.24,222.42123456790128,11516,12360.08,23672.16,-11312.08,3,3,2,1,0,0
1885,6,185,92764.4,501.4291891891892,29796,24236.4,68528.0,-44291.6,4,2,3,1,0,0
1885,6,185,92764.4,501.4291891891892,29796,24236.4,68528.0,-44291.6,4,2,3,1,0,0
1895,0,458,55512.96,121.2073362445415,24216,15620.4,39892.56,-24272.159999999996,6,7,5,1,0,0
1895,0,458,55512.96,121.2073362445415,24216,15620.4,39892.56,-24272.159999999996,6,7,5,1,0,0
1904,23,104,26129.88,251.24884615384613,8832,5901.8,20228.08,-14326.280000000002,3,1,2,1,0,0
1904,23,104,26129.88,251.24884615384613,8832,5901.8,20228.08,-14326.280000000002,3,1,2,1,0,0
1914,431,1,49.440000000000005,49.440000000000005,24,0.0,49.440000000000005,-49.440000000000005,0,4,0,0,0,1
1914,431,1,49.440000000000005,49.440000000000005,24,0.0,49.440000000000005,-49.440000000000005,0,4,0,0,0,1
1916,2,518,53753.36,103.77096525096525,19068,8788.48,44964.88,-36176.399999999994,2,4,0,0,0,0
1916,2,518,53753.36,103.77096525096525,19068,8788.48,44964.88,-36176.399999999994,2,4,0,0,0,0
1924,5,270,56890.6,210.70592592592592,16288,15893.56,40997.04,-25103.480000000003,0,4,3,1,0,0
1924,5,270,56890.6,210.70592592592592,16288,15893.56,40997.04,-25103.480000000003,0,4,3,1,0,0
1937,407,1,4.0,4.0,4,0.0,4.0,-4.0,4,3,2,1,0,1
1937,407,1,4.0,4.0,4,0.0,4.0,-4.0,4,3,2,1,0,1
1949,1,270,20792.96,77.01096296296298,9236,5127.72,15665.24,-10537.52,6,7,5,0,0,0
1949,1,270,20792.96,77.01096296296298,9236,5127.72,15665.24,-10537.52,6,7,5,0,0,0
1963,553,4,109.72,27.43,44,0.0,109.72,-109.72,0,3,4,1,0,1
1963,553,4,109.72,27.43,44,0.0,109.72,-109.72,0,3,4,1,0,1
1990,0,330,90278.04000000001,273.56981818181816,23724,21695.96,68582.08,-46886.12,3,4,2,1,0,0
1990,0,330,90278.04000000001,273.56981818181816,23724,21695.96,68582.08,-46886.12,3,4,2,1,0,0
1994,2,163,31417.88,192.74773006134973,9612,7438.16,23979.72,-16541.56,6,7,5,1,0,0
1994,2,163,31417.88,192.74773006134973,9612,7438.16,23979.72,-16541.56,6,7,5,1,0,0
2004,1,191,68940.24,360.94366492146594,16968,20987.760000000002,47952.48,-26964.72,1,1,1,1,0,0
2004,1,191,68940.24,360.94366492146594,16968,20987.760000000002,47952.48,-26964.72,1,1,1,1,0,0
2011,1,225,84356.4,374.9173333333333,21496,24448.04,59908.36,-35460.32,5,2,1,1,0,0
2011,1,225,84356.4,374.9173333333333,21496,24448.04,59908.36,-35460.32,5,2,1,1,0,0
2017,379,10,843.52,84.352,320,0.0,843.52,-843.52,3,3,0,1,0,1
2017,379,10,843.52,84.352,320,0.0,843.52,-843.52,3,3,0,1,0,1
2019,1,178,16708.2,93.86629213483144,5976,5367.24,11340.960000000001,-5973.720000000001,1,2,0,0,0,0
2019,1,178,16708.2,93.86629213483144,5976,5367.24,11340.960000000001,-5973.720000000001,1,2,0,0,0,0
2022,1,206,75705.48,367.50233009708745,21796,23215.2,52490.28,-29275.079999999998,1,2,0,1,0,0
2022,1,206,75705.48,367.50233009708745,21796,23215.2,52490.28,-29275.079999999998,1,2,0,1,0,0
2024,0,165,45887.28,278.10472727272725,18220,10853.4,35033.88,-24180.479999999996,6,7,5,1,0,0
2024,0,165,45887.28,278.10472727272725,18220,10853.4,35033.88,-24180.479999999996,6,7,5,1,0,0
2027,343,1,103.88,103.87999999999998,12,0.0,103.88,-103.88,6,7,5,1,0,1
2027,343,1,103.88,103.87999999999998,12,0.0,103.88,-103.88,6,7,5,1,0,1
2066,0,232,26213.2,112.98793103448276,11540,7975.4400000000005,18237.760000000002,-10262.320000000002,3,1,0,1,0,0
2066,0,232,26213.2,112.98793103448276,11540,7975.4400000000005,18237.760000000002,-10262.320000000002,3,1,0,1,0,0
2077,10,211,58739.16,278.38464454976304,20872,13444.28,45294.88,-31850.6,4,2,0,1,0,0
2077,10,211,58739.16,278.38464454976304,20872,13444.28,45294.88,-31850.6,4,2,0,1,0,0
2102,2,293,35509.12,121.19153583617748,11804,13104.08,22405.04,-9300.960000000001,1,3,2,1,0,0
2102,2,293,35509.12,121.19153583617748,11804,13104.08,22405.04,-9300.960000000001,1,3,2,1,0,0
2143,0,256,49376.12,192.87546875,15260,14234.56,35141.56,-20907.0,0,3,3,1,0,0
2143,0,256,49376.12,192.87546875,15260,14234.56,35141.56,-20907.0,0,3,3,1,0,0
2148,2,117,21857.4,186.8153846153846,9472,6765.44,15091.960000000001,-8326.52,2,2,1,1,0,0
2148,2,117,21857.4,186.8153846153846,9472,6765.44,15091.960000000001,-8326.52,2,2,1,1,0,0
2150,2,249,45414.88,182.3890763052209,15892,10241.84,35173.04,-24931.2,2,4,1,1,0,0
2150,2,249,45414.88,182.3890763052209,15892,10241.84,35173.04,-24931.2,2,4,1,1,0,0
2175,1,512,78898.0,154.09765625,29028,15032.16,63865.840000000004,-48833.68000000001,3,3,3,1,0,0
2175,1,512,78898.0,154.09765625,29028,15032.16,63865.840000000004,-48833.68000000001,3,3,3,1,0,0
2178,0,159,23586.56,148.34314465408806,8340,7812.4400000000005,15774.12,-7961.68,5,1,0,1,0,0
2178,0,159,23586.56,148.34314465408806,8340,7812.4400000000005,15774.12,-7961.68,5,1,0,1,0,0
2189,0,266,30103.68,113.17172932330827,11800,7772.16,22331.52,-14559.36,5,5,1,0,0,0
2189,0,266,30103.68,113.17172932330827,11800,7772.16,22331.52,-14559.36,5,5,1,0,0,0
2200,0,406,40816.76,100.53389162561577,16156,10729.28,30087.48,-19358.199999999997,5,5,1,1,0,0
2200,0,406,40816.76,100.53389162561577,16156,10729.28,30087.48,-19358.199999999997,5,5,1,1,0,0
2211,0,284,24758.760000000002,87.17873239436621,9756,9142.2,15616.56,-6474.359999999999,3,3,0,0,0,0
2211,0,284,24758.760000000002,87.17873239436621,9756,9142.2,15616.56,-6474.359999999999,3,3,0,0,0,0
2225,2,243,16835.64,69.28246913580247,5372,4546.4400000000005,12289.2,-7742.76,2,2,5,0,0,0
2225,2,243,16835.64,69.28246913580247,5372,4546.4400000000005,12289.2,-7742.76,2,2,5,0,0,0
2232,1,210,19690.52,93.76438095238096,9312,4417.76,15272.76,-10855.0,5,5,2,0,0,0
2232,1,210,19690.52,93.76438095238096,9312,4417.76,15272.76,-10855.0,5,5,2,0,0,0
2244,3,177,37761.08,213.3394350282486,10048,10305.56,27455.52,-17149.96,2,7,0,1,0,0
2244,3,177,37761.08,213.3394350282486,10048,10305.56,27455.52,-17149.96,2,7,0,1,0,0
2260,22,245,27386.2,111.78040816326532,10188,8906.88,18479.32,-9572.44,6,7,5,1,0,0
2260,22,245,27386.2,111.78040816326532,10188,8906.88,18479.32,-9572.44,6,7,5,1,0,0
2264,2,238,29463.96,123.7981512605042,8012,11299.960000000001,18164.0,-6864.039999999999,6,7,5,1,0,0
2264,2,238,29463.96,123.7981512605042,8012,11299.960000000001,18164.0,-6864.039999999999,6,7,5,1,0,0
2291,4,319,68012.12,213.20413793103447,16792,20395.12,47617.0,-27221.88,6,7,5,1,0,0
2291,4,319,68012.12,213.20413793103447,16792,20395.12,47617.0,-27221.88,6,7,5,1,0,0
2306,644,1,135.68,135.68,52,0.0,135.68,-135.68,3,6,1,1,0,1
2306,644,1,135.68,135.68,52,0.0,135.68,-135.68,3,6,1,1,0,1
2319,15,117,19846.56,169.62871794871793,4428,5450.24,14396.32,-8946.08,3,6,1,0,0,0
2319,15,117,19846.56,169.62871794871793,4428,5450.24,14396.32,-8946.08,3,6,1,0,0,0
2320,2,467,42310.12,90.59982869379016,12568,11150.08,31160.04,-20009.96,4,4,1,0,0,0
2320,2,467,42310.12,90.59982869379016,12568,11150.08,31160.04,-20009.96,4,4,1,0,0,0
2322,1,167,46363.88,277.6280239520958,15760,15171.12,31192.760000000002,-16021.640000000001,6,7,5,1,0,0
2322,1,167,46363.88,277.6280239520958,15760,15171.12,31192.760000000002,-16021.640000000001,6,7,5,1,0,0
2325,235,3,454.84000000000003,151.61333333333334,156,0.0,454.84000000000003,-454.84000000000003,6,7,5,0,0,1
2325,235,3,454.84000000000003,151.61333333333334,156,0.0,454.84000000000003,-454.84000000000003,6,7,5,0,0,1
2337,583,12,693.48,57.79000000000001,268,0.0,693.48,-693.48,2,2,2,0,0,1
2337,583,12,693.48,57.79000000000001,268,0.0,693.48,-693.48,2,2,2,0,0,1
2345,9,206,25795.52,125.22097087378641,7916,6771.0,19024.52,-12253.52,2,4,2,1,0,0
2345,9,206,25795.52,125.22097087378641,7916,6771.0,19024.52,-12253.52,2,4,2,1,0,0
2371,2,136,67426.76,495.7850000000001,17560,18947.12,48479.64,-29532.52,1,4,2,1,0,0
2371,2,136,67426.76,495.7850000000001,17560,18947.12,48479.64,-29532.52,1,4,2,1,0,0
2375,2,447,58843.92,131.64187919463086,10444,17350.6,41493.32,-24142.72,5,5,1,0,0,0
2375,2,447,58843.92,131.64187919463086,10444,17350.6,41493.32,-24142.72,5,5,1,0,0,0
2379,1,204,12627.28,61.89843137254901,7984,2848.08,9779.2,-6931.120000000001,2,6,1,0,0,0
2379,1,204,12627.28,61.89843137254901,7984,2848.08,9779.2,-6931.120000000001,2,6,1,0,0,0
2391,0,437,36248.72,82.94901601830664,11928,10520.0,25728.72,-15208.720000000001,4,4,4,0,0,0
2391,0,437,36248.72,82.94901601830664,11928,10520.0,25728.72,-15208.720000000001,4,4,4,0,0,0
2406,0,259,24549.12,94.7842471042471,9100,7167.8,17381.32,-10213.52,5,5,2,0,0,0
2406,0,259,24549.12,94.7842471042471,9100,7167.8,17381.32,-10213.52,5,5,2,0,0,0
2420,0,297,52099.96,175.42074074074077,14712,14656.64,37443.32,-22786.68,4,4,1,1,0,0
2420,0,297,52099.96,175.42074074074077,14712,14656.64,37443.32,-22786.68,4,4,1,1,0,0
2429,438,3,445.72,148.57333333333335,116,0.0,445.72,-445.72,1,4,2,1,0,1
2429,438,3,445.72,148.57333333333335,116,0.0,445.72,-445.72,1,4,2,1,0,1
2433,3,462,78998.56,170.99255411255413,24860,18638.64,60359.92,-41721.28,1,3,2,1,0,0
2433,3,462,78998.56,170.99255411255413,24860,18638.64,60359.92,-41721.28,1,3,2,1,0,0
2435,2,455,47039.92,103.38443956043956,17088,11634.92,35405.0,-23770.08,6,7,5,1,0,0
2435,2,455,47039.92,103.38443956043956,17088,11634.92,35405.0,-23770.08,6,7,5,1,0,0
2436,1,422,53794.64,127.47545023696684,14388,13562.12,40232.520000000004,-26670.4,1,4,0,1,0,0
2436,1,422,53794.64,127.47545023696684,14388,13562.12,40232.520000000004,-26670.4,1,4,0,1,0,0
2442,4,356,70982.96,199.39033707865167,33368,16805.84,54177.12,-37371.28,2,5,0,1,0,0
2442,4,356,70982.96,199.39033707865167,33368,16805.84,54177.12,-37371.28,2,5,0,1,0,0
2453,4,323,39330.840000000004,121.76730650154798,20032,8118.4,31212.44,-23094.04,2,2,5,1,0,0
2453,4,323,39330.840000000004,121.76730650154798,20032,8118.4,31212.44,-23094.04,2,2,5,1,0,0
2454,27,65,5087.4,78.2676923076923,1888,1180.24,3907.16,-2726.92,3,3,2,0,0,0
2454,27,65,5087.4,78.2676923076923,1888,1180.24,3907.16,-2726.92,3,3,2,0,0,0
2504,3,175,25702.56,146.87177142857144,6508,12078.8,13623.76,-1544.960000000001,5,5,1,1,0,0
2504,3,175,25702.56,146.87177142857144,6508,12078.8,13623.76,-1544.960000000001,5,5,1,1,0,0
2507,0,618,58997.24,95.46478964401294,27004,16775.24,42222.0,-25446.76,2,3,2,1,0,0
2507,0,618,58997.24,95.46478964401294,27004,16775.24,42222.0,-25446.76,2,3,2,1,0,0
2512,0,845,131662.52,155.81363313609467,54208,30301.32,101361.2,-71059.88,0,2,4,1,0,0
2512,0,845,131662.52,155.81363313609467,54208,30301.32,101361.2,-71059.88,0,2,4,1,0,0
2519,6,151,47806.32,316.5981456953643,14052,14398.0,33408.32,-19010.32,4,4,2,1,0,0
2519,6,151,47806.32,316.5981456953643,14052,14398.0,33408.32,-19010.32,4,4,2,1,0,0
2531,25,240,43805.48,182.52283333333335,13672,12444.0,31361.48,-18917.48,6,7,5,1,0,0
2531,25,240,43805.48,182.52283333333335,13672,12444.0,31361.48,-18917.48,6,7,5,1,0,0
2541,4,213,41833.12,196.39962441314552,15104,10854.48,30978.64,-20124.16,3,4,1,1,0,0
2541,4,213,41833.12,196.39962441314552,15104,10854.48,30978.64,-20124.16,3,4,1,1,0,0
2555,1,129,25547.760000000002,198.0446511627907,8284,6039.08,19508.68,-13469.6,0,4,1,1,0,0
2555,1,129,25547.760000000002,198.0446511627907,8284,6039.08,19508.68,-13469.6,0,4,1,1,0,0
2572,10,278,36781.76,132.3084892086331,13644,10026.76,26755.0,-16728.239999999998,0,5,1,1,0,0
2572,10,278,36781.76,132.3084892086331,13644,10026.76,26755.0,-16728.239999999998,0,5,1,1,0,0
2573,0,180,46253.4,256.9633333333333,11944,14958.44,31294.96,-16336.519999999999,0,3,1,1,0,0
2573,0,180,46253.4,256.9633333333333,11944,14958.44,31294.96,-16336.519999999999,0,3,1,1,0,0
2575,1,745,73362.8,98.47355704697986,25208,16658.04,56704.76,-40046.72,2,4,0,1,0,0
2575,1,745,73362.8,98.47355704697986,25208,16658.04,56704.76,-40046.72,2,4,0,1,0,0
2584,6,192,22558.88,117.49416666666667,8988,5990.96,16567.920000000002,-10576.960000000003,2,6,0,1,0,0
2584,6,192,22558.88,117.49416666666667,8988,5990.96,16567.920000000002,-10576.960000000003,2,6,0,1,0,0
2607,1,342,37879.88,110.75988304093569,20080,8921.960000000001,28957.920000000002,-20035.96,6,7,5,1,0,0
2607,1,342,37879.88,110.75988304093569,20080,8921.960000000001,28957.920000000002,-20035.96,6,7,5,1,0,0
2617,1,210,29750.56,141.66933333333333,12640,6869.08,22881.48,-16012.4,0,2,1,0,0,0
2617,1,210,29750.56,141.66933333333333,12640,6869.08,22881.48,-16012.4,0,2,1,0,0,0
2629,0,584,116216.2,199.00034246575345,36876,27381.920000000002,88834.28,-61452.36,4,6,2,1,0,0
2629,0,584,116216.2,199.00034246575345,36876,27381.920000000002,88834.28,-61452.36,4,6,2,1,0,0
2630,0,355,27567.4,77.65464788732395,6908,5775.92,21791.48,-16015.56,6,7,5,0,0,0
2630,0,355,27567.4,77.65464788732395,6908,5775.92,21791.48,-16015.56,6,7,5,0,0,0
2638,5,288,74577.08,258.9481944444444,22024,16949.920000000002,57627.16,-40677.240000000005,2,4,1,1,0,0
2638,5,288,74577.08,258.9481944444444,22024,16949.920000000002,57627.16,-40677.240000000005,2,4,1,1,0,0
2639,5,370,66927.04,180.88389189189192,20984,17874.88,49052.16,-31177.280000000002,4,3,3,1,0,0
2639,5,370,66927.04,180.88389189189192,20984,17874.88,49052.16,-31177.280000000002,4,3,3,1,0,0
2652,3,171,20013.48,117.0378947368421,11180,6652.32,13361.16,-6708.84,4,4,0,0,0,0
2652,3,171,20013.48,117.0378947368421,11180,6652.32,13361.16,-6708.84,4,4,0,0,0,0
2654,3,163,10782.08,66.14773006134969,6180,2789.2,7992.88,-5203.68,5,5,4,1,0,0
2654,3,163,10782.08,66.14773006134969,6180,2789.2,7992.88,-5203.68,5,5,4,1,0,0
2685,2,6,462.64,77.10666666666667,260,349.16,113.48,235.68,2,2,2,0,0,0
2685,2,6,462.64,77.10666666666667,260,349.16,113.48,235.68,2,2,2,0,0,0
2707,2,406,18106.4,44.59704433497537,8136,4727.92,13378.48,-8650.56,5,5,0,0,0,0
2707,2,406,18106.4,44.59704433497537,8136,4727.92,13378.48,-8650.56,5,5,0,0,0,0
2710,7,196,36348.56,185.45183673469387,10804,9514.8,26833.760000000002,-17318.960000000003,3,7,1,1,0,0
2710,7,196,36348.56,185.45183673469387,10804,9514.8,26833.760000000002,-17318.960000000003,3,7,1,1,0,0
2735,263,5,432.64,86.52799999999999,128,0.0,432.64,-432.64,5,5,0,0,0,1
2735,263,5,432.64,86.52799999999999,128,0.0,432.64,-432.64,5,5,0,0,0,1
2745,0,173,54250.12,313.5845086705202,18228,15663.72,38586.4,-22922.68,3,5,0,1,0,0
2745,0,173,54250.12,313.5845086705202,18228,15663.72,38586.4,-22922.68,3,5,0,1,0,0
2756,1,272,95866.2,352.44926470588234,25148,40849.48,55016.72,-14167.239999999998,3,5,5,1,0,0
2756,1,272,95866.2,352.44926470588234,25148,40849.48,55016.72,-14167.239999999998,3,5,5,1,0,0
2762,2,180,40061.76,222.56533333333334,13076,10206.92,29854.84,-19647.92,3,1,0,1,0,0
2762,2,180,40061.76,222.56533333333334,13076,10206.92,29854.84,-19647.92,3,1,0,1,0,0
2780,0,651,82817.52,127.21585253456222,33084,16029.12,66788.4,-50759.27999999999,2,4,4,1,0,0
2780,0,651,82817.52,127.21585253456222,33084,16029.12,66788.4,-50759.27999999999,2,4,4,1,0,0
2781,12,83,16571.32,199.6544578313253,5512,5405.0,11166.32,-5761.32,3,4,2,1,0,0
2781,12,83,16571.32,199.6544578313253,5512,5405.0,11166.32,-5761.32,3,4,2,1,0,0
2822,163,9,3181.12,353.4577777777778,864,1094.88,2086.2400000000002,-991.3600000000001,0,4,4,1,0,1
2822,163,9,3181.12,353.4577777777778,864,1094.88,2086.2400000000002,-991.3600000000001,0,4,4,1,0,1
2838,285,1,93.39999999999999,93.39999999999999,20,0.0,93.39999999999999,-93.39999999999999,4,4,1,1,0,1
2838,285,1,93.39999999999999,93.39999999999999,20,0.0,93.39999999999999,-93.39999999999999,4,4,1,1,0,1
2844,4,104,28772.920000000002,276.6626923076923,9664,6934.4400000000005,21838.48,-14904.039999999999,2,4,0,1,0,0
2844,4,104,28772.920000000002,276.6626923076923,9664,6934.4400000000005,21838.48,-14904.039999999999,2,4,0,1,0,0
2847,5,43,10916.36,253.86883720930234,3648,6795.4400000000005,4120.92,2674.5200000000004,1,3,3,1,0,0
2847,5,43,10916.36,253.86883720930234,3648,6795.4400000000005,4120.92,2674.5200000000004,1,3,3,1,0,0
2874,4,188,32292.04,171.76617021276596,10784,7258.56,25033.48,-17774.92,1,4,2,1,0,0
2874,4,188,32292.04,171.76617021276596,10784,7258.56,25033.48,-17774.92,1,4,2,1,0,0
2921,476,1,67.88,67.88,12,0.0,67.88,-67.88,0,3,3,0,0,1
2921,476,1,67.88,67.88,12,0.0,67.88,-67.88,0,3,3,0,0,1
2934,47,2,345.36,172.68,88,345.36,0.0,345.36,0,3,2,1,0,0
2934,47,2,345.36,172.68,88,345.36,0.0,345.36,0,3,2,1,0,0
2937,460,2,333.0,166.5,120,0.0,333.0,-333.0,1,3,1,1,0,1
2937,460,2,333.0,166.5,120,0.0,333.0,-333.0,1,3,1,1,0,1
2938,714,2,33.96,16.98,8,0.0,33.96,-33.96,1,4,3,1,0,1
2938,714,2,33.96,16.98,8,0.0,33.96,-33.96,1,4,3,1,0,1
2986,15,137,31033.56,226.5223357664234,13680,5277.92,25755.64,-20477.72,5,6,2,0,0,0
2986,15,137,31033.56,226.5223357664234,13680,5277.92,25755.64,-20477.72,5,6,2,0,0,0
2990,6,87,24241.48,278.63770114942525,10152,5435.36,18806.12,-13370.759999999998,5,2,1,1,0,0
2990,6,87,24241.48,278.63770114942525,10152,5435.36,18806.12,-13370.759999999998,5,2,1,1,0,0
2997,553,2,225.64000000000001,112.82000000000001,48,0.0,225.64000000000001,-225.64000000000001,4,4,3,1,0,1
2997,553,2,225.64000000000001,112.82000000000001,48,0.0,225.64000000000001,-225.64000000000001,4,4,3,1,0,1
3003,4,207,33600.56,162.3215458937198,9464,8858.8,24741.760000000002,-15882.960000000003,0,1,1,1,0,0
3003,4,207,33600.56,162.3215458937198,9464,8858.8,24741.760000000002,-15882.960000000003,0,1,1,1,0,0
3004,1,237,34220.840000000004,144.39172995780592,10864,11847.2,22373.64,-10526.439999999999,2,6,1,1,0,0
3004,1,237,34220.840000000004,144.39172995780592,10864,11847.2,22373.64,-10526.439999999999,2,6,1,1,0,0
3014,2,519,67046.6,129.18420038535646,23680,21955.12,45091.48,-23136.360000000004,5,4,3,1,0,0
3014,2,519,67046.6,129.18420038535646,23680,21955.12,45091.48,-23136.360000000004,5,4,3,1,0,0
3022,1,240,74834.28,311.80949999999996,25308,22379.28,52455.0,-30075.72,0,3,3,1,0,0
3022,1,240,74834.28,311.80949999999996,25308,22379.28,52455.0,-30075.72,0,3,3,1,0,0
3030,0,354,31805.2,89.845197740113,12788,8684.04,23121.16,-14437.119999999999,3,4,1,0,0,0
3030,0,354,31805.2,89.845197740113,12788,8684.04,23121.16,-14437.119999999999,3,4,1,0,0,0
3044,3,209,31950.72,152.87425837320575,12120,8922.68,23028.04,-14105.36,4,4,0,1,0,0
3044,3,209,31950.72,152.87425837320575,12120,8922.68,23028.04,-14105.36,4,4,0,1,0,0
3049,2,155,17912.920000000002,115.5672258064516,5612,2479.28,15433.64,-12954.359999999999,6,7,5,0,0,0
3049,2,155,17912.920000000002,115.5672258064516,5612,2479.28,15433.64,-12954.359999999999,6,7,5,0,0,0
3060,1,220,27315.84,124.1629090909091,8004,9937.32,17378.52,-7441.200000000001,0,4,2,1,0,0
3060,1,220,27315.84,124.1629090909091,8004,9937.32,17378.52,-7441.200000000001,0,4,2,1,0,0
3105,3,193,48633.200000000004,251.98549222797925,13260,12682.32,35950.88,-23268.559999999998,4,1,5,1,0,0
3105,3,193,48633.200000000004,251.98549222797925,13260,12682.32,35950.88,-23268.559999999998,4,1,5,1,0,0
3111,5,230,39930.28,173.60991304347826,16560,9970.48,29959.8,-19989.32,0,3,4,1,0,0
3111,5,230,39930.28,173.60991304347826,16560,9970.48,29959.8,-19989.32,0,3,4,1,0,0
3151,0,103,48499.08,470.8648543689321,12304,12975.68,35523.4,-22547.72,0,5,1,1,0,0
3151,0,103,48499.08,470.8648543689321,12304,12975.68,35523.4,-22547.72,0,5,1,1,0,0
3163,10,216,27578.28,127.67722222222221,10172,5060.2,22518.08,-17457.88,4,3,0,1,0,0
3163,10,216,27578.28,127.67722222222221,10172,5060.2,22518.08,-17457.88,4,3,0,1,0,0
3164,6,131,53875.48,411.26320610687026,13512,11546.76,42328.72,-30781.96,4,4,3,1,0,0
3164,6,131,53875.48,411.26320610687026,13512,11546.76,42328.72,-30781.96,4,4,3,1,0,0
3186,2,274,36423.48,132.9324087591241,12632,11776.56,24646.920000000002,-12870.360000000002,1,4,1,1,0,0
3186,2,274,36423.48,132.9324087591241,12632,11776.56,24646.920000000002,-12870.360000000002,1,4,1,1,0,0
3205,1,243,22590.96,92.96691358024691,7876,6418.76,16172.2,-9753.44,3,5,1,0,0,0
3205,1,243,22590.96,92.96691358024691,7876,6418.76,16172.2,-9753.44,3,5,1,0,0,0
3214,0,499,93943.52,188.26356713426853,25808,12743.8,81199.72,-68455.92,0,6,1,1,0,0
3214,0,499,93943.52,188.26356713426853,25808,12743.8,81199.72,-68455.92,0,6,1,1,0,0
3220,0,279,43374.6,155.46451612903226,15456,10018.64,33355.96,-23337.32,4,2,4,1,0,0
3220,0,279,43374.6,155.46451612903226,15456,10018.64,33355.96,-23337.32,4,2,4,1,0,0
3232,4,658,49712.2,75.55045592705167,16524,12760.76,36951.44,-24190.68,3,5,1,0,0,0
3232,4,658,49712.2,75.55045592705167,16524,12760.76,36951.44,-24190.68,3,5,1,0,0,0
3243,0,236,56720.36,240.34050847457627,20312,17805.52,38914.840000000004,-21109.320000000003,3,1,0,1,0,0
3243,0,236,56720.36,240.34050847457627,20312,17805.52,38914.840000000004,-21109.320000000003,3,1,0,1,0,0
3246,0,363,59119.32,162.86314049586778,19832,14751.720000000001,44367.6,-29615.879999999997,1,3,2,1,0,0
3246,0,363,59119.32,162.86314049586778,19832,14751.720000000001,44367.6,-29615.879999999997,1,3,2,1,0,0
3247,1,576,35003.76,60.77041666666667,13052,9788.92,25214.84,-15425.92,4,4,3,0,0,0
3247,1,576,35003.76,60.77041666666667,13052,9788.92,25214.84,-15425.92,4,4,3,0,0,0
3257,37,4,403.32,100.83000000000001,72,256.76,146.56,110.19999999999999,4,3,3,1,0,0
3257,37,4,403.32,100.83000000000001,72,256.76,146.56,110.19999999999999,4,3,3,1,0,0
3267,0,307,53521.16,174.33602605863194,14068,15252.16,38269.0,-23016.84,0,3,4,1,0,0
3267,0,307,53521.16,174.33602605863194,14068,15252.16,38269.0,-23016.84,0,3,4,1,0,0
3274,13,92,13947.56,151.6039130434783,3408,2544.52,11403.04,-8858.52,1,4,1,0,0,0
3274,13,92,13947.56,151.6039130434783,3408,2544.52,11403.04,-8858.52,1,4,1,0,0,0
3314,0,238,76121.28,319.8373109243697,19840,17021.2,59100.08,-42078.880000000005,4,2,2,1,0,0
3314,0,238,76121.28,319.8373109243697,19840,17021.2,59100.08,-42078.880000000005,4,2,2,1,0,0
3319,0,379,49527.96,130.6806332453826,13668,14041.4,35486.56,-21445.159999999996,3,6,1,1,0,0
3319,0,379,49527.96,130.6806332453826,13668,14041.4,35486.56,-21445.159999999996,3,6,1,1,0,0
3358,0,256,48357.96,188.89828124999997,15000,6831.6,41526.36,-34694.76,3,4,2,1,0,0
3358,0,256,48357.96,188.89828124999997,15000,6831.6,41526.36,-34694.76,3,4,2,1,0,0
3398,2,345,63702.28,184.6442898550725,16204,15494.800000000001,48207.48,-32712.68,0,1,1,1,0,0
3398,2,345,63702.28,184.6442898550725,16204,15494.800000000001,48207.48,-32712.68,0,1,1,1,0,0
3411,1,266,63805.28,239.86947368421053,21640,15658.44,48146.840000000004,-32488.4,0,2,4,1,0,0
3411,1,266,63805.28,239.86947368421053,21640,15658.44,48146.840000000004,-32488.4,0,2,4,1,0,0
3418,4,150,23774.44,158.49626666666668,8816,4217.92,19556.52,-15338.6,3,2,4,0,0,0
3418,4,150,23774.44,158.49626666666668,8816,4217.92,19556.52,-15338.6,3,2,4,0,0,0
3442,1,282,28601.760000000002,101.42468085106384,10636,9100.92,19500.84,-10399.92,5,5,1,0,0,0
3442,1,282,28601.760000000002,101.42468085106384,10636,9100.92,19500.84,-10399.92,5,5,1,0,0,0
3445,4,153,22538.760000000002,147.3121568627451,14600,6378.44,16160.32,-9781.880000000001,6,7,5,0,0,0
3445,4,153,22538.760000000002,147.3121568627451,14600,6378.44,16160.32,-9781.880000000001,6,7,5,0,0,0
3467,3,289,29730.44,102.8734948096886,9584,8111.52,21618.920000000002,-13507.400000000001,3,3,0,0,0,0
3467,3,289,29730.44,102.8734948096886,9584,8111.52,21618.920000000002,-13507.400000000001,3,3,0,0,0,0
3474,2,304,20480.64,67.37052631578948,8444,6209.88,14270.76,-8060.88,0,4,2,0,0,0
3474,2,304,20480.64,67.37052631578948,8444,6209.88,14270.76,-8060.88,0,4,2,0,0,0
3476,2,144,23143.28,160.7172222222222,7724,6009.4800000000005,17133.8,-11124.32,0,5,1,1,0,0
3476,2,144,23143.28,160.7172222222222,7724,6009.4800000000005,17133.8,-11124.32,0,5,1,1,0,0
3486,2,219,42249.200000000004,192.9187214611872,12576,9759.800000000001,32489.4,-22729.6,0,5,2,1,0,0
3486,2,219,42249.200000000004,192.9187214611872,12576,9759.800000000001,32489.4,-22729.6,0,5,2,1,0,0
3496,7,320,105498.84,329.68387500000006,32316,28321.920000000002,77176.92,-48855.0,3,3,2,1,0,0
3496,7,320,105498.84,329.68387500000006,32316,28321.920000000002,77176.92,-48855.0,3,3,2,1,0,0
3523,6,164,26118.0,159.2560975609756,9440,8519.68,17598.32,-9078.64,4,2,3,1,0,0
3523,6,164,26118.0,159.2560975609756,9440,8519.68,17598.32,-9078.64,4,2,3,1,0,0
3551,0,344,67628.08,196.5932558139535,22120,13638.12,53989.96,-40351.84,4,3,1,1,0,0
3551,0,344,67628.08,196.5932558139535,22120,13638.12,53989.96,-40351.84,4,3,1,1,0,0
3582,4,156,66602.0,426.93589743589746,20340,15252.36,51349.64,-36097.28,5,5,0,1,0,0
3582,4,156,66602.0,426.93589743589746,20340,15252.36,51349.64,-36097.28,5,5,0,1,0,0
3603,4,348,36295.48,104.29735632183909,15144,9381.8,26913.68,-17531.88,5,6,5,1,0,0
3603,4,348,36295.48,104.29735632183909,15144,9381.8,26913.68,-17531.88,5,6,5,1,0,0
3606,77,2,42.32,21.16,32,42.32,0.0,42.32,3,1,0,0,0,0
3606,77,2,42.32,21.16,32,42.32,0.0,42.32,3,1,0,0,0,0
3608,709,1,481.8,481.79999999999995,136,0.0,481.8,-481.8,5,5,1,0,0,1
3608,709,1,481.8,481.79999999999995,136,0.0,481.8,-481.8,5,5,1,0,0,1
3614,101,57,8241.08,144.580350877193,3548,1793.28,6447.8,-4654.52,4,2,2,1,0,1
3614,101,57,8241.08,144.580350877193,3548,1793.28,6447.8,-4654.52,4,2,2,1,0,1
3635,0,609,58620.44,96.25688013136289,21472,15846.12,42774.32,-26928.199999999997,5,6,5,1,0,0
3635,0,609,58620.44,96.25688013136289,21472,15846.12,42774.32,-26928.199999999997,5,6,5,1,0,0
3655,8,166,46705.56,281.3587951807229,11756,14280.64,32424.920000000002,-18144.280000000002,3,3,1,1,0,0
3655,8,166,46705.56,281.3587951807229,11756,14280.64,32424.920000000002,-18144.280000000002,3,3,1,1,0,0
3670,401,1,35.96,35.96,4,0.0,35.96,-35.96,3,1,1,1,0,1
3670,401,1,35.96,35.96,4,0.0,35.96,-35.96,3,1,1,1,0,1
3672,2,237,66141.2,279.0767932489452,24328,11946.92,54194.28,-42247.36,3,2,2,1,0,0
3672,2,237,66141.2,279.0767932489452,24328,11946.92,54194.28,-42247.36,3,2,2,1,0,0
3681,406,1,39.96,39.96,4,0.0,39.96,-39.96,6,7,5,1,0,1
3681,406,1,39.96,39.96,4,0.0,39.96,-39.96,6,7,5,1,0,1
3687,0,507,40483.840000000004,79.84978303747533,15816,10127.48,30356.36,-20228.88,3,6,0,0,0,0
3687,0,507,40483.840000000004,79.84978303747533,15816,10127.48,30356.36,-20228.88,3,6,0,0,0,0
3689,182,6,663.72,110.62000000000002,200,283.16,380.56,-97.39999999999998,4,4,5,1,0,1
3689,182,6,663.72,110.62000000000002,200,283.16,380.56,-97.39999999999998,4,4,5,1,0,1
3703,29,22,1511.68,68.71272727272729,520,149.28,1362.4,-1213.1200000000001,4,5,1,1,0,0
3703,29,22,1511.68,68.71272727272729,520,149.28,1362.4,-1213.1200000000001,4,5,1,1,0,0
3733,14,9,1660.52,184.50222222222223,432,1564.56,95.96000000000001,1468.6,3,3,4,0,0,0
3733,14,9,1660.52,184.50222222222223,432,1564.56,95.96000000000001,1468.6,3,3,4,0,0,0
3739,161,3,288.16,96.05333333333333,60,137.35999999999999,150.8,-13.440000000000026,3,3,4,1,0,1
3739,161,3,288.16,96.05333333333333,60,137.35999999999999,150.8,-13.440000000000026,3,3,4,1,0,1
3755,706,1,172.84,172.84,60,0.0,172.84,-172.84,2,5,2,0,0,1
3755,706,1,172.84,172.84,60,0.0,172.84,-172.84,2,5,2,0,0,1
3758,0,356,49510.4,139.07415730337078,17388,12811.28,36699.12,-23887.840000000004,3,3,0,1,0,0
3758,0,356,49510.4,139.07415730337078,17388,12811.28,36699.12,-23887.840000000004,3,3,0,1,0,0
3784,0,166,52448.56,315.9551807228916,21084,15275.2,37173.36,-21898.16,3,1,2,1,0,0
3784,0,166,52448.56,315.9551807228916,21084,15275.2,37173.36,-21898.16,3,1,2,1,0,0
3785,2,186,84658.24,455.1518279569893,23652,24059.36,60598.880000000005,-36539.520000000004,2,1,0,1,0,0
3785,2,186,84658.24,455.1518279569893,23652,24059.36,60598.880000000005,-36539.520000000004,2,1,0,1,0,0
3800,3,237,19626.56,82.81248945147678,7912,3070.64,16555.920000000002,-13485.280000000002,3,4,0,0,0,0
3800,3,237,19626.56,82.81248945147678,7912,3070.64,16555.920000000002,-13485.280000000002,3,4,0,0,0,0
3809,2,269,90820.4,337.62230483271367,26212,25889.760000000002,64930.64,-39040.88,1,3,3,1,0,0
3809,2,269,90820.4,337.62230483271367,26212,25889.760000000002,64930.64,-39040.88,1,3,3,1,0,0
3811,4,223,24620.64,110.40645739910313,17044,6325.96,18294.68,-11968.720000000001,6,7,5,1,0,0
3811,4,223,24620.64,110.40645739910313,17044,6325.96,18294.68,-11968.720000000001,6,7,5,1,0,0
3819,7,197,9866.92,50.085888324873096,4660,1721.0800000000002,8145.84,-6424.76,5,1,0,0,0,0
3819,7,197,9866.92,50.085888324873096,4660,1721.0800000000002,8145.84,-6424.76,5,1,0,0,0,0
3820,1,338,46425.16,137.35254437869824,15444,13588.16,32837.0,-19248.84,3,3,1,1,0,0
3820,1,338,46425.16,137.35254437869824,15444,13588.16,32837.0,-19248.84,3,3,1,1,0,0
3840,0,375,72985.88,194.62901333333335,31140,18546.96,54438.92,-35891.96,5,4,3,1,0,0
3840,0,375,72985.88,194.62901333333335,31140,18546.96,54438.92,-35891.96,5,4,3,1,0,0
3842,25,317,23782.48,75.02359621451104,9656,5137.88,18644.6,-13506.719999999998,3,6,2,0,0,0
3842,25,317,23782.48,75.02359621451104,9656,5137.88,18644.6,-13506.719999999998,3,6,2,0,0,0
3881,4,105,17943.64,170.8918095238095,5656,6672.68,11270.960000000001,-4598.280000000001,6,7,5,0,0,0
3881,4,105,17943.64,170.8918095238095,5656,6672.68,11270.960000000001,-4598.280000000001,6,7,5,0,0,0
3889,1,681,78022.32,114.57022026431719,27060,22062.36,55959.96,-33897.6,3,4,3,1,0,0
3889,1,681,78022.32,114.57022026431719,27060,22062.36,55959.96,-33897.6,3,4,3,1,0,0
3893,1,635,43314.72,68.21215748031496,21820,12861.68,30453.04,-17591.36,5,6,0,1,0,0
3893,1,635,43314.72,68.21215748031496,21820,12861.68,30453.04,-17591.36,5,6,0,1,0,0
3895,2,187,25690.16,137.38053475935828,13708,7282.16,18408.0,-11125.84,6,7,5,1,0,0
3895,2,187,25690.16,137.38053475935828,13708,7282.16,18408.0,-11125.84,6,7,5,1,0,0
3904,0,445,112501.40000000001,252.81213483146072,35436,34618.6,77882.8,-43264.200000000004,3,2,1,1,0,0
3904,0,445,112501.40000000001,252.81213483146072,35436,34618.6,77882.8,-43264.200000000004,3,2,1,1,0,0
3940,4,214,67133.6,313.7084112149533,20060,16847.16,50286.44,-33439.28,6,7,5,1,0,0
3940,4,214,67133.6,313.7084112149533,20060,16847.16,50286.44,-33439.28,6,7,5,1,0,0
3964,8,162,45172.64,278.8434567901235,18684,10587.800000000001,34584.840000000004,-23997.04,0,3,2,1,0,0
3964,8,162,45172.64,278.8434567901235,18684,10587.800000000001,34584.840000000004,-23997.04,0,3,2,1,0,0
3969,9,143,26313.08,184.00755244755246,8876,9021.56,17291.52,-8269.960000000001,3,3,1,1,0,0
3969,9,143,26313.08,184.00755244755246,8876,9021.56,17291.52,-8269.960000000001,3,3,1,1,0,0
3977,0,170,26723.28,157.19576470588234,10668,7351.12,19372.16,-12021.04,6,7,5,1,0,0
3977,0,170,26723.28,157.19576470588234,10668,7351.12,19372.16,-12021.04,6,7,5,1,0,0
3988,10,65,14441.08,222.17046153846152,2924,3166.6400000000003,11274.44,-8107.8,5,5,0,0,0,0
3988,10,65,14441.08,222.17046153846152,2924,3166.6400000000003,11274.44,-8107.8,5,5,0,0,0,0
3993,10,115,33921.56,294.97008695652175,12176,7748.4,26173.16,-18424.760000000002,4,3,2,1,0,0
3993,10,115,33921.56,294.97008695652175,12176,7748.4,26173.16,-18424.760000000002,4,3,2,1,0,0
4005,1,355,38474.4,108.37859154929578,12192,8069.320000000001,30405.08,-22335.760000000002,3,3,0,1,0,0
4005,1,355,38474.4,108.37859154929578,12192,8069.320000000001,30405.08,-22335.760000000002,3,3,0,1,0,0
4011,0,260,50063.72,192.55276923076926,17344,11880.12,38183.6,-26303.479999999996,4,7,0,1,0,0
4011,0,260,50063.72,192.55276923076926,17344,11880.12,38183.6,-26303.479999999996,4,7,0,1,0,0
4017,1,346,20353.64,58.825549132947984,7272,4767.08,15586.560000000001,-10819.480000000001,6,7,5,0,0,0
4017,1,346,20353.64,58.825549132947984,7272,4767.08,15586.560000000001,-10819.480000000001,6,7,5,0,0,0
4037,6,210,48091.0,229.0047619047619,12660,8975.0,39116.0,-30141.0,5,5,1,1,0,0
4037,6,210,48091.0,229.0047619047619,12660,8975.0,39116.0,-30141.0,5,5,1,1,0,0
4057,7,175,32342.440000000002,184.81394285714288,12716,8169.8,24172.64,-16002.84,4,1,1,1,0,0
4057,7,175,32342.440000000002,184.81394285714288,12716,8169.8,24172.64,-16002.84,4,1,1,1,0,0
4061,368,1,90.88,90.88000000000001,32,0.0,90.88,-90.88,4,3,0,1,0,1
4061,368,1,90.88,90.88000000000001,32,0.0,90.88,-90.88,4,3,0,1,0,1
4062,87,8,626.64,78.33000000000001,188,594.6800000000001,31.96,562.72,4,4,3,1,0,0
4062,87,8,626.64,78.33000000000001,188,594.6800000000001,31.96,562.72,4,4,3,1,0,0
4065,14,206,30296.12,147.0685436893204,12256,7108.4800000000005,23187.64,-16079.16,2,1,0,1,0,0
4065,14,206,30296.12,147.0685436893204,12256,7108.4800000000005,23187.64,-16079.16,2,1,0,1,0,0
4078,1,726,96288.32,132.6285399449036,29748,22393.6,73894.72,-51501.12,1,0,1,1,0,0
4078,1,726,96288.32,132.6285399449036,29748,22393.6,73894.72,-51501.12,1,0,1,1,0,0
4085,0,307,62423.28,203.33315960912054,21772,16199.92,46223.36,-30023.440000000002,5,1,0,1,0,0
4085,0,307,62423.28,203.33315960912054,21772,16199.92,46223.36,-30023.440000000002,5,1,0,1,0,0
4105,14,24,2856.68,119.02833333333335,1008,1666.24,1190.44,475.79999999999995,2,4,0,1,0,0
4105,14,24,2856.68,119.02833333333335,1008,1666.24,1190.44,475.79999999999995,2,4,0,1,0,0
4126,2,212,76808.08,362.30226415094336,19548,23768.4,53039.68,-29271.28,0,3,1,1,0,0
4126,2,212,76808.08,362.30226415094336,19548,23768.4,53039.68,-29271.28,0,3,1,1,0,0
4146,2,231,49142.92,212.73991341991342,15816,11716.48,37426.44,-25709.960000000003,5,5,0,1,0,0
4146,2,231,49142.92,212.73991341991342,15816,11716.48,37426.44,-25709.960000000003,5,5,0,1,0,0
4159,19,111,20458.32,184.3091891891892,6780,2819.44,17638.88,-14819.44,0,5,0,0,0,0
4159,19,111,20458.32,184.3091891891892,6780,2819.44,17638.88,-14819.44,0,5,0,0,0,0
4171,0,392,32522.96,82.96673469387754,13908,7554.16,24968.8,-17414.64,5,2,2,1,0,0
4171,0,392,32522.96,82.96673469387754,13908,7554.16,24968.8,-17414.64,5,2,2,1,0,0
4183,7,132,22722.96,172.14363636363635,11632,7027.0,15695.960000000001,-8668.960000000001,4,2,3,1,0,0
4183,7,132,22722.96,172.14363636363635,11632,7027.0,15695.960000000001,-8668.960000000001,4,2,3,1,0,0
4214,8,234,41861.24,178.89418803418806,10440,13829.08,28032.16,-14203.08,3,0,0,1,0,0
4214,8,234,41861.24,178.89418803418806,10440,13829.08,28032.16,-14203.08,3,0,0,1,0,0
4218,5,145,95518.24,658.7464827586206,26484,26445.68,69072.56,-42626.88,4,2,0,1,0,0
4218,5,145,95518.24,658.7464827586206,26484,26445.68,69072.56,-42626.88,4,2,0,1,0,0
4249,2,301,48808.92,162.15588039867112,15992,12039.76,36769.16,-24729.4,5,5,1,1,0,0
4249,2,301,48808.92,162.15588039867112,15992,12039.76,36769.16,-24729.4,5,5,1,1,0,0
4264,5,335,34186.08,102.048,14864,10111.64,24074.44,-13962.8,6,7,5,1,0,0
4264,5,335,34186.08,102.048,14864,10111.64,24074.44,-13962.8,6,7,5,1,0,0
4272,47,1,27.96,27.96,4,27.96,0.0,27.96,2,3,2,1,0,0
4272,47,1,27.96,27.96,4,27.96,0.0,27.96,2,3,2,1,0,0
4293,0,536,66688.64,124.41910447761194,17796,17768.28,48920.36,-31152.08,4,3,5,1,0,0
4293,0,536,66688.64,124.41910447761194,17796,17768.28,48920.36,-31152.08,4,3,5,1,0,0
4351,328,1,67.92,67.92,8,0.0,67.92,-67.92,2,1,0,1,0,1
4351,328,1,67.92,67.92,8,0.0,67.92,-67.92,2,1,0,1,0,1
4363,266,1,20.759999999999998,20.759999999999998,8,0.0,20.759999999999998,-20.759999999999998,1,4,1,0,0,1
4363,266,1,20.759999999999998,20.759999999999998,8,0.0,20.759999999999998,-20.759999999999998,1,4,1,0,0,1
4366,1,109,23055.4,211.51743119266055,4644,7617.0,15438.4,-7821.4,3,4,0,0,0,0
4366,1,109,23055.4,211.51743119266055,4644,7617.0,15438.4,-7821.4,3,4,0,0,0,0
4372,1,138,24081.32,174.5023188405797,6712,5341.4,18739.920000000002,-13398.520000000002,3,6,1,1,0,0
4372,1,138,24081.32,174.5023188405797,6712,5341.4,18739.920000000002,-13398.520000000002,3,6,1,1,0,0
4405,7,112,41927.72,374.3546428571429,11152,14074.32,27853.4,-13779.080000000002,6,7,5,1,0,0
4405,7,112,41927.72,374.3546428571429,11152,14074.32,27853.4,-13779.080000000002,6,7,5,1,0,0
4406,1,138,13164.56,95.39536231884058,5748,5073.2,8091.360000000001,-3018.1600000000008,6,7,5,0,0,0
4406,1,138,13164.56,95.39536231884058,5748,5073.2,8091.360000000001,-3018.1600000000008,6,7,5,0,0,0
4414,1,460,43138.76,93.77991304347826,17544,13638.12,29500.64,-15862.519999999999,2,2,0,1,0,0
4414,1,460,43138.76,93.77991304347826,17544,13638.12,29500.64,-15862.519999999999,2,2,0,1,0,0
4420,5,210,56601.200000000004,269.5295238095238,16048,14484.44,42116.76,-27632.32,3,1,0,1,0,0
4420,5,210,56601.200000000004,269.5295238095238,16048,14484.44,42116.76,-27632.32,3,1,0,1,0,0
4432,40,4,387.48,96.87,124,269.72,117.76,151.96000000000004,0,3,0,1,0,0
4432,40,4,387.48,96.87,124,269.72,117.76,151.96000000000004,0,3,0,1,0,0
4439,5,160,45132.28,282.07675,14564,12697.36,32434.920000000002,-19737.56,0,2,0,1,0,0
4439,5,160,45132.28,282.07675,14564,12697.36,32434.920000000002,-19737.56,0,2,0,1,0,0
4453,2,385,31952.64,82.99387012987013,12572,8810.56,23142.08,-14331.520000000002,3,6,4,0,0,0
4453,2,385,31952.64,82.99387012987013,12572,8810.56,23142.08,-14331.520000000002,3,6,4,0,0,0
4457,4,355,29005.04,81.70433802816902,10640,9140.24,19864.8,-10724.56,4,3,1,0,0,0
4457,4,355,29005.04,81.70433802816902,10640,9140.24,19864.8,-10724.56,4,3,1,0,0,0
4458,9,139,77314.56,556.219856115108,22152,16479.08,60835.48,-44356.4,1,3,4,0,0,0
4458,9,139,77314.56,556.219856115108,22152,16479.08,60835.48,-44356.4,1,3,4,0,0,0
4498,0,243,20433.8,84.08971193415638,7480,4423.16,16010.64,-11587.48,3,1,0,0,0,0
4498,0,243,20433.8,84.08971193415638,7480,4423.16,16010.64,-11587.48,3,1,0,0,0,0
4506,5,110,30290.8,275.3709090909091,8492,5468.2,24822.600000000002,-19354.4,1,3,3,1,0,0
4506,5,110,30290.8,275.3709090909091,8492,5468.2,24822.600000000002,-19354.4,1,3,3,1,0,0
4552,587,17,1196.44,70.37882352941176,368,0.0,1196.44,-1196.44,6,7,5,1,0,1
4552,587,17,1196.44,70.37882352941176,368,0.0,1196.44,-1196.44,6,7,5,1,0,1
4568,8,148,33391.24,225.61648648648648,6232,9406.0,23985.24,-14579.240000000002,6,7,5,1,0,0
4568,8,148,33391.24,225.61648648648648,6232,9406.0,23985.24,-14579.240000000002,6,7,5,1,0,0
4570,556,1,27.92,27.92,8,0.0,27.92,-27.92,6,7,5,1,0,1
4570,556,1,27.92,27.92,8,0.0,27.92,-27.92,6,7,5,1,0,1
4587,388,18,3485.16,193.62,976,0.0,3485.16,-3485.16,5,6,0,0,0,1
4587,388,18,3485.16,193.62,976,0.0,3485.16,-3485.16,5,6,0,0,0,1
4594,0,400,31302.28,78.2557,10892,10517.12,20785.16,-10268.039999999999,6,7,5,0,0,0
4594,0,400,31302.28,78.2557,10892,10517.12,20785.16,-10268.039999999999,6,7,5,0,0,0
4603,2,264,34954.840000000004,132.40469696969694,10840,12551.04,22403.8,-9852.759999999998,3,2,1,0,0,0
4603,2,264,34954.840000000004,132.40469696969694,10840,12551.04,22403.8,-9852.759999999998,3,2,1,0,0,0
4604,7,221,47647.8,215.6009049773756,15736,14129.0,33518.8,-19389.800000000003,0,1,0,1,0,0
4604,7,221,47647.8,215.6009049773756,15736,14129.0,33518.8,-19389.800000000003,0,1,0,1,0,0
4606,1,207,27563.56,133.15729468599034,9172,7379.8,20183.76,-12803.96,2,6,0,0,0,0
4606,1,207,27563.56,133.15729468599034,9172,7379.8,20183.76,-12803.96,2,6,0,0,0,0
4607,11,196,51814.96,264.3620408163265,13172,21761.36,30053.600000000002,-8292.240000000002,6,7,5,1,0,0
4607,11,196,51814.96,264.3620408163265,13172,21761.36,30053.600000000002,-8292.240000000002,6,7,5,1,0,0
4614,2,117,22301.44,190.61059829059832,7000,4125.76,18175.68,-14049.92,6,7,5,1,0,0
4614,2,117,22301.44,190.61059829059832,7000,4125.76,18175.68,-14049.92,6,7,5,1,0,0
4623,5,172,31398.28,182.54813953488372,8592,7057.36,24340.920000000002,-17283.56,3,1,1,1,0,0
4623,5,172,31398.28,182.54813953488372,8592,7057.36,24340.920000000002,-17283.56,3,1,1,1,0,0
4713,0,579,84155.56,145.34639032815198,29392,23734.56,60421.0,-36686.44,0,3,4,1,0,0
4713,0,579,84155.56,145.34639032815198,29392,23734.56,60421.0,-36686.44,0,3,4,1,0,0
4716,2,174,20966.12,120.49494252873565,5128,5754.72,15211.4,-9456.68,4,3,0,0,0,0
4716,2,174,20966.12,120.49494252873565,5128,5754.72,15211.4,-9456.68,4,3,0,0,0,0
4719,0,294,37695.32,128.21537414965988,14680,11212.16,26483.16,-15271.0,5,6,1,1,0,0
4719,0,294,37695.32,128.21537414965988,14680,11212.16,26483.16,-15271.0,5,6,1,1,0,0
4724,2,208,13609.4,65.4298076923077,5384,3361.6800000000003,10247.72,-6886.039999999999,3,5,0,0,0,0
4724,2,208,13609.4,65.4298076923077,5384,3361.6800000000003,10247.72,-6886.039999999999,3,5,0,0,0,0
4725,3,113,31137.84,275.5561061946903,12680,6640.400000000001,24497.44,-17857.039999999997,5,6,1,1,0,0
4725,3,113,31137.84,275.5561061946903,12680,6640.400000000001,24497.44,-17857.039999999997,5,6,1,1,0,0
4740,0,163,25061.12,153.74920245398772,8472,6713.24,18347.88,-11634.640000000001,5,1,1,1,0,0
4740,0,163,25061.12,153.74920245398772,8472,6713.24,18347.88,-11634.640000000001,5,1,1,1,0,0
4745,0,457,35082.88,76.7677899343545,14036,10400.68,24682.2,-14281.52,5,2,0,0,0,0
4745,0,457,35082.88,76.7677899343545,14036,10400.68,24682.2,-14281.52,5,2,0,0,0,0
4753,476,6,892.72,148.78666666666666,324,0.0,892.72,-892.72,6,7,5,1,0,1
4753,476,6,892.72,148.78666666666666,324,0.0,892.72,-892.72,6,7,5,1,0,1
4757,41,141,19501.4,138.30780141843974,5388,4044.7200000000003,15456.68,-11411.96,0,1,0,0,0,0
4757,41,141,19501.4,138.30780141843974,5388,4044.7200000000003,15456.68,-11411.96,0,1,0,0,0,0
4766,6,239,60840.32,254.56200836820082,24924,13876.64,46963.68,-33087.04,4,3,2,1,0,0
4766,6,239,60840.32,254.56200836820082,24924,13876.64,46963.68,-33087.04,4,3,2,1,0,0
4774,7,74,20483.12,276.79891891891896,6280,10006.68,10476.44,-469.7600000000002,0,1,2,1,0,0
4774,7,74,20483.12,276.79891891891896,6280,10006.68,10476.44,-469.7600000000002,0,1,2,1,0,0
4778,0,315,60860.28,193.2072380952381,21496,10385.64,50474.64,-40089.0,5,5,2,1,0,0
4778,0,315,60860.28,193.2072380952381,21496,10385.64,50474.64,-40089.0,5,5,2,1,0,0
4809,3,153,34605.0,226.1764705882353,13456,9628.64,24976.36,-15347.720000000001,6,7,5,1,0,0
4809,3,153,34605.0,226.1764705882353,13456,9628.64,24976.36,-15347.720000000001,6,7,5,1,0,0
4813,720,1,4.0,4.0,8,0.0,4.0,-4.0,4,3,0,1,0,1
4813,720,1,4.0,4.0,8,0.0,4.0,-4.0,4,3,0,1,0,1
4816,3,155,25082.36,161.82167741935484,11984,6654.4400000000005,18427.920000000002,-11773.480000000001,3,3,1,1,0,0
4816,3,155,25082.36,161.82167741935484,11984,6654.4400000000005,18427.920000000002,-11773.480000000001,3,3,1,1,0,0
4823,284,4,468.96,117.24000000000001,176,0.0,468.96,-468.96,6,7,5,1,0,1
4823,284,4,468.96,117.24000000000001,176,0.0,468.96,-468.96,6,7,5,1,0,1
4836,4,441,64418.56,146.0738321995465,23240,17200.64,47217.92,-30017.28,6,7,5,1,0,0
4836,4,441,64418.56,146.0738321995465,23240,17200.64,47217.92,-30017.28,6,7,5,1,0,0
4851,2,68,15244.16,224.17882352941177,5036,4854.84,10389.32,-5534.48,6,7,5,0,0,0
4851,2,68,15244.16,224.17882352941177,5036,4854.84,10389.32,-5534.48,6,7,5,0,0,0
4857,1,1186,59882.2,50.490893760539635,25268,24214.72,35667.48,-11452.760000000002,5,5,3,1,0,0
4857,1,1186,59882.2,50.490893760539635,25268,24214.72,35667.48,-11452.760000000002,5,5,3,1,0,0
4878,3,157,23556.52,150.04152866242038,8404,6410.16,17146.36,-10736.2,2,5,1,0,0,0
4878,3,157,23556.52,150.04152866242038,8404,6410.16,17146.36,-10736.2,2,5,1,0,0,0
4879,8,82,40094.76,488.9604878048781,11700,7230.68,32864.08,-25633.4,4,7,0,1,0,0
4879,8,82,40094.76,488.9604878048781,11700,7230.68,32864.08,-25633.4,4,7,0,1,0,0
4897,2,365,28576.08,78.2906301369863,9444,3188.88,25387.2,-22198.32,6,7,5,0,0,0
4897,2,365,28576.08,78.2906301369863,9444,3188.88,25387.2,-22198.32,6,7,5,0,0,0
4904,2,112,50126.72,447.56,17504,20872.68,29254.04,-8381.36,6,7,5,1,0,0
4904,2,112,50126.72,447.56,17504,20872.68,29254.04,-8381.36,6,7,5,1,0,0
4909,236,3,217.4,72.46666666666665,56,0.0,217.4,-217.4,0,3,3,0,0,1
4909,236,3,217.4,72.46666666666665,56,0.0,217.4,-217.4,0,3,3,0,0,1
4974,6,148,26180.440000000002,176.89486486486487,8204,7064.2,19116.24,-12052.04,3,3,1,1,0,0
4974,6,148,26180.440000000002,176.89486486486487,8204,7064.2,19116.24,-12052.04,3,3,1,1,0,0
4982,7,250,34218.08,136.87232,10496,8091.68,26126.4,-18034.72,6,7,5,1,0,0
4982,7,250,34218.08,136.87232,10496,8091.68,26126.4,-18034.72,6,7,5,1,0,0
4987,2,471,75510.12,160.3187261146497,26776,32532.32,42977.8,-10445.480000000003,6,7,5,1,0,0
4987,2,471,75510.12,160.3187261146497,26776,32532.32,42977.8,-10445.480000000003,6,7,5,1,0,0
4989,633,1,62.8,62.8,8,0.0,62.8,-62.8,0,4,0,0,0,1
4989,633,1,62.8,62.8,8,0.0,62.8,-62.8,0,4,0,0,0,1
